{"cameraMode":{"drawMode":0,"name":"Shaded","section":"Shading Mode"},"sceneLighting":false,"audioPlay":false,"sceneViewState":{"showFog":true,"showMaterialUpdate":true,"showSkybox":false,"showFlares":true,"showImageEffects":true,"showParticleSystems":true},"in2DMode":false,"pivot":{"x":-2.6699929237365724,"y":27.35784912109375,"z":-0.6136016845703125},"rotation":{"x":-0.011689192615449429,"y":0.004853115417063236,"z":0.0006394481169991195,"w":1.0002225637435914},"size":208.07839965820313,"orthographic":false}