{"cameraMode":{"drawMode":0,"name":"Shaded","section":"Shading Mode"},"sceneLighting":false,"audioPlay":false,"sceneViewState":{"showFog":true,"showMaterialUpdate":true,"showSkybox":false,"showFlares":true,"showImageEffects":true,"showParticleSystems":true},"in2DMode":false,"pivot":{"x":0.8344306945800781,"y":4.080810546875,"z":-3.6340675354003908},"rotation":{"x":-0.08167224377393723,"y":0.8861458897590637,"z":-0.1711675375699997,"w":-0.4228224754333496},"size":42.77527618408203,"orthographic":false}