{"cameraMode":{"drawMode":0,"name":"Shaded","section":"Shading Mode"},"sceneLighting":false,"audioPlay":false,"sceneViewState":{"showFog":true,"showMaterialUpdate":true,"showSkybox":false,"showFlares":true,"showImageEffects":true,"showParticleSystems":true},"in2DMode":false,"pivot":{"x":0.695166826248169,"y":1.7300000190734864,"z":11.318744659423829},"rotation":{"x":0.19141757488250733,"y":-0.7699689865112305,"z":0.27058637142181399,"w":0.5453947186470032},"size":6.062487602233887,"orthographic":false}