{"cameraMode":{"drawMode":0,"name":"Shaded","section":"Shading Mode"},"sceneLighting":false,"audioPlay":false,"sceneViewState":{"showFog":true,"showMaterialUpdate":true,"showSkybox":false,"showFlares":true,"showImageEffects":true,"showParticleSystems":true},"in2DMode":false,"pivot":{"x":0.05004692077636719,"y":0.1303735375404358,"z":0.2433876097202301},"rotation":{"x":-0.18994149565696717,"y":0.4436131715774536,"z":-0.09676753729581833,"w":-0.8705404996871948},"size":2.9591050148010256,"orthographic":false}