{"cameraMode":{"drawMode":0,"name":"Shaded","section":"Shading Mode"},"sceneLighting":false,"audioPlay":false,"sceneViewState":{"showFog":true,"showMaterialUpdate":true,"showSkybox":true,"showFlares":true,"showImageEffects":true,"showParticleSystems":true},"in2DMode":false,"pivot":{"x":250.24923706054688,"y":97.49749755859375,"z":0.7259521484375},"rotation":{"x":0.06329041719436646,"y":0.006384606938809156,"z":0.00017472395848017186,"w":0.9982791543006897},"size":468.3597106933594,"orthographic":false}