{"cameraMode":{"drawMode":0,"name":"Shaded","section":"Shading Mode"},"sceneLighting":false,"audioPlay":false,"sceneViewState":{"showFog":true,"showMaterialUpdate":true,"showSkybox":true,"showFlares":true,"showImageEffects":true,"showParticleSystems":true},"in2DMode":false,"pivot":{"x":-2.015082836151123,"y":-6.1529541015625,"z":5.889972686767578},"rotation":{"x":0.03626684844493866,"y":-0.9433690905570984,"z":0.31087738275527956,"w":0.11068616807460785},"size":41.466007232666019,"orthographic":false}