{"cameraMode":{"drawMode":0,"name":"Shaded","section":"Shading Mode"},"sceneLighting":false,"audioPlay":false,"sceneViewState":{"showFog":true,"showMaterialUpdate":true,"showSkybox":false,"showFlares":true,"showImageEffects":true,"showParticleSystems":true},"in2DMode":false,"pivot":{"x":-0.813746452331543,"y":-0.13163363933563233,"z":0.043108224868774417},"rotation":{"x":0.041119951754808429,"y":-0.9462161660194397,"z":0.1331559270620346,"w":0.29210013151168826},"size":1.154456377029419,"orthographic":false}