{"cameraMode":{"drawMode":0,"name":"Shaded","section":"Shading Mode"},"sceneLighting":false,"audioPlay":false,"sceneViewState":{"showFog":true,"showMaterialUpdate":true,"showSkybox":false,"showFlares":true,"showImageEffects":true,"showParticleSystems":true},"in2DMode":false,"pivot":{"x":-0.000008404254913330078,"y":-0.0006775073707103729,"z":0.6988130807876587},"rotation":{"x":0.06213768199086189,"y":-0.9365329742431641,"z":0.26861196756362917,"w":0.2167462855577469},"size":2.3167498111724855,"orthographic":false}