{"cameraMode":{"drawMode":0,"name":"Shaded","section":"Shading Mode"},"sceneLighting":false,"audioPlay":false,"sceneViewState":{"showFog":true,"showMaterialUpdate":true,"showSkybox":false,"showFlares":true,"showImageEffects":true,"showParticleSystems":true},"in2DMode":false,"pivot":{"x":2.2100000381469728,"y":4.199999809265137,"z":23.020000457763673},"rotation":{"x":0.05213383212685585,"y":-0.9479973912239075,"z":0.22476792335510255,"w":0.21967771649360658},"size":1.4289418458938599,"orthographic":false}