{"cameraMode":{"drawMode":0,"name":"Shaded","section":"Shading Mode"},"sceneLighting":false,"audioPlay":false,"sceneViewState":{"showFog":true,"showMaterialUpdate":true,"showSkybox":true,"showFlares":true,"showImageEffects":true,"showParticleSystems":true},"in2DMode":false,"pivot":{"x":-1.0692424774169922,"y":1.8241209983825684,"z":12.110771179199219},"rotation":{"x":0.09134264290332794,"y":-0.8824462294578552,"z":0.19261609017848969,"w":0.4195179343223572},"size":12.648366928100586,"orthographic":false}