{"cameraMode":{"drawMode":0,"name":"Shaded","section":"Shading Mode"},"sceneLighting":false,"audioPlay":false,"sceneViewState":{"showFog":true,"showMaterialUpdate":true,"showSkybox":false,"showFlares":true,"showImageEffects":true,"showParticleSystems":true},"in2DMode":false,"pivot":{"x":1.612440824508667,"y":1.8334693908691407,"z":33.231258392333987},"rotation":{"x":-0.09319635480642319,"y":0.9051863551139832,"z":-0.2625598907470703,"w":-0.3213318884372711},"size":11.439435958862305,"orthographic":false}