{"cameraMode":{"drawMode":0,"name":"Shaded","section":"Shading Mode"},"sceneLighting":false,"audioPlay":false,"sceneViewState":{"showFog":true,"showMaterialUpdate":true,"showSkybox":true,"showFlares":true,"showImageEffects":true,"showParticleSystems":true},"in2DMode":false,"pivot":{"x":42.902931213378909,"y":-8.184429168701172,"z":-9.65887451171875},"rotation":{"x":-0.017906520515680314,"y":0.9709997773170471,"z":-0.22562290728092194,"w":-0.07706425338983536},"size":107.01920318603516,"orthographic":false}