{"cameraMode":{"drawMode":0,"name":"Shaded","section":"Shading Mode"},"sceneLighting":false,"audioPlay":false,"sceneViewState":{"showFog":true,"showMaterialUpdate":true,"showSkybox":true,"showFlares":true,"showImageEffects":true,"showParticleSystems":true},"in2DMode":false,"pivot":{"x":250.7979736328125,"y":133.09552001953126,"z":-117.61630249023438},"rotation":{"x":0.05579711124300957,"y":0.013860465958714486,"z":-0.0005624379846267402,"w":0.9986556172370911},"size":297.2691650390625,"orthographic":false}