{"cameraMode":{"drawMode":0,"name":"Shaded","section":"Shading Mode"},"sceneLighting":false,"audioPlay":false,"sceneViewState":{"showFog":true,"showMaterialUpdate":true,"showSkybox":false,"showFlares":true,"showImageEffects":true,"showParticleSystems":true},"in2DMode":false,"pivot":{"x":250.25633239746095,"y":178.92527770996095,"z":1.6200695037841797},"rotation":{"x":-0.1866104006767273,"y":-0.0318283773958683,"z":0.006048679351806641,"w":-0.9819027781486511},"size":43.38444519042969,"orthographic":false}