{"cameraMode":{"drawMode":0,"name":"Shaded","section":"Shading Mode"},"sceneLighting":false,"audioPlay":false,"sceneViewState":{"showFog":true,"showMaterialUpdate":true,"showSkybox":false,"showFlares":true,"showImageEffects":true,"showParticleSystems":true},"in2DMode":false,"pivot":{"x":8.306103706359864,"y":3.9196338653564455,"z":12.882399559020996},"rotation":{"x":-0.011537222191691399,"y":0.9855822324752808,"z":-0.1478443443775177,"w":-0.08371684700250626},"size":2.6882708072662355,"orthographic":false}