{"cameraMode":{"drawMode":0,"name":"Shaded","section":"Shading Mode"},"sceneLighting":false,"audioPlay":false,"sceneViewState":{"showFog":true,"showMaterialUpdate":true,"showSkybox":false,"showFlares":true,"showImageEffects":true,"showParticleSystems":true},"in2DMode":false,"pivot":{"x":-22.358367919921876,"y":48.871742248535159,"z":6.7940673828125},"rotation":{"x":-0.006278525572270155,"y":0.8930720090866089,"z":-0.013984881341457367,"w":-0.4500400125980377},"size":94.20384216308594,"orthographic":false}