{"cameraMode":{"drawMode":0,"name":"Shaded","section":"Shading Mode"},"sceneLighting":false,"audioPlay":false,"sceneViewState":{"showFog":true,"showMaterialUpdate":true,"showSkybox":true,"showFlares":true,"showImageEffects":true,"showParticleSystems":true},"in2DMode":false,"pivot":{"x":-1.6914691925048829,"y":1.588587760925293,"z":31.46535873413086},"rotation":{"x":0.003956847358494997,"y":-0.9859307408332825,"z":0.1660049557685852,"w":0.02339424379169941},"size":8.473578453063965,"orthographic":false}