{"cameraMode":{"drawMode":0,"name":"Shaded","section":"Shading Mode"},"sceneLighting":false,"audioPlay":false,"sceneViewState":{"showFog":true,"showMaterialUpdate":true,"showSkybox":false,"showFlares":true,"showImageEffects":true,"showParticleSystems":true},"in2DMode":false,"pivot":{"x":0.000003933906555175781,"y":1.3059865236282349,"z":-2.9339993000030519},"rotation":{"x":-0.05020172894001007,"y":0.9473596811294556,"z":-0.18594181537628175,"w":-0.2557748854160309},"size":6.317410945892334,"orthographic":false}