{"cameraMode":{"drawMode":0,"name":"Shaded","section":"Shading Mode"},"sceneLighting":false,"audioPlay":false,"sceneViewState":{"showFog":true,"showMaterialUpdate":true,"showSkybox":false,"showFlares":true,"showImageEffects":true,"showParticleSystems":true},"in2DMode":false,"pivot":{"x":0.689508855342865,"y":1.9186400175094605,"z":11.320043563842774},"rotation":{"x":0.02959444746375084,"y":-0.921510636806488,"z":0.380746990442276,"w":0.07179788500070572},"size":6.5448455810546879,"orthographic":false}