{"cameraMode":{"drawMode":0,"name":"Shaded","section":"Shading Mode"},"sceneLighting":false,"audioPlay":false,"sceneViewState":{"showFog":true,"showMaterialUpdate":true,"showSkybox":false,"showFlares":true,"showImageEffects":true,"showParticleSystems":true},"in2DMode":false,"pivot":{"x":-0.000008404254913330078,"y":-0.0006775073707103729,"z":0.6988130807876587},"rotation":{"x":0.013130919076502324,"y":-0.9640847444534302,"z":0.260924756526947,"w":0.048663876950740817},"size":2.3167498111724855,"orthographic":false}