{"cameraMode":{"drawMode":0,"name":"Shaded","section":"Shading Mode"},"sceneLighting":false,"audioPlay":false,"sceneViewState":{"showFog":true,"showMaterialUpdate":true,"showSkybox":false,"showFlares":true,"showImageEffects":true,"showParticleSystems":true},"in2DMode":false,"pivot":{"x":-1.755211353302002,"y":-8.015165328979493,"z":23.158117294311525},"rotation":{"x":-0.03477082401514053,"y":0.9298084378242493,"z":-0.3551205098628998,"w":-0.09158675372600556},"size":25.263320922851564,"orthographic":false}