{"cameraMode":{"drawMode":0,"name":"Shaded","section":"Shading Mode"},"sceneLighting":false,"audioPlay":false,"sceneViewState":{"showFog":true,"showMaterialUpdate":true,"showSkybox":false,"showFlares":true,"showImageEffects":true,"showParticleSystems":true},"in2DMode":false,"pivot":{"x":0.30817365646362307,"y":3.6816327571868898,"z":14.32853889465332},"rotation":{"x":0.039071228355169299,"y":-0.9455536007881165,"z":0.12136045098304749,"w":0.3002258539199829},"size":9.767454147338868,"orthographic":false}