{"cameraMode":{"drawMode":0,"name":"Shaded","section":"Shading Mode"},"sceneLighting":false,"audioPlay":false,"sceneViewState":{"showFog":true,"showMaterialUpdate":true,"showSkybox":false,"showFlares":true,"showImageEffects":true,"showParticleSystems":true},"in2DMode":false,"pivot":{"x":-0.17798757553100587,"y":0.3532431125640869,"z":8.025243759155274},"rotation":{"x":0.08508747071027756,"y":-0.9078242778778076,"z":0.22385555505752564,"w":0.34450674057006838},"size":6.767038345336914,"orthographic":false}