{"cameraMode":{"drawMode":0,"name":"Shaded","section":"Shading Mode"},"sceneLighting":false,"audioPlay":false,"sceneViewState":{"showFog":true,"showMaterialUpdate":true,"showSkybox":true,"showFlares":true,"showImageEffects":true,"showParticleSystems":true},"in2DMode":false,"pivot":{"x":0.04453325271606445,"y":1.4165639877319337,"z":33.82261276245117},"rotation":{"x":0.011129532009363175,"y":-0.9759629368782044,"z":0.21292005479335786,"w":0.04976997151970863},"size":19.923095703125,"orthographic":false}