{"cameraMode":{"drawMode":0,"name":"Shaded","section":"Shading Mode"},"sceneLighting":false,"audioPlay":false,"sceneViewState":{"showFog":true,"showMaterialUpdate":true,"showSkybox":false,"showFlares":true,"showImageEffects":true,"showParticleSystems":true},"in2DMode":false,"pivot":{"x":0.9150000810623169,"y":1.024999976158142,"z":7.230000019073486},"rotation":{"x":0.08487372100353241,"y":-0.888659656047821,"z":0.41170644760131838,"w":0.1836799830198288},"size":26.416648864746095,"orthographic":false}