{"cameraMode":{"drawMode":0,"name":"Shaded","section":"Shading Mode"},"sceneLighting":false,"audioPlay":false,"sceneViewState":{"showFog":true,"showMaterialUpdate":true,"showSkybox":false,"showFlares":true,"showImageEffects":true,"showParticleSystems":true},"in2DMode":false,"pivot":{"x":-0.397766649723053,"y":0.39766061305999758,"z":0.2638356685638428},"rotation":{"x":-0.018921885639429094,"y":-0.956152617931366,"z":0.28664302825927737,"w":-0.06040351465344429},"size":2.356462001800537,"orthographic":false}