{"cameraMode":{"drawMode":0,"name":"Shaded","section":"Shading Mode"},"sceneLighting":false,"audioPlay":false,"sceneViewState":{"showFog":true,"showMaterialUpdate":true,"showSkybox":false,"showFlares":true,"showImageEffects":true,"showParticleSystems":true},"in2DMode":false,"pivot":{"x":-18.92202377319336,"y":-4.564770698547363,"z":35.89215850830078},"rotation":{"x":-0.1071363165974617,"y":0.5884497761726379,"z":-0.07953166216611862,"w":-0.7976013422012329},"size":33.596900939941409,"orthographic":false}