{"cameraMode":{"drawMode":0,"name":"Shaded","section":"Shading Mode"},"sceneLighting":false,"audioPlay":false,"sceneViewState":{"showFog":true,"showMaterialUpdate":true,"showSkybox":false,"showFlares":true,"showImageEffects":true,"showParticleSystems":true},"in2DMode":false,"pivot":{"x":256.4090270996094,"y":178.19313049316407,"z":1.3544464111328126},"rotation":{"x":-0.03479789197444916,"y":-0.01739228144288063,"z":0.0006050780066289008,"w":-0.9992464780807495},"size":80.29913330078125,"orthographic":false}