{"cameraMode":{"drawMode":0,"name":"Shaded","section":"Shading Mode"},"sceneLighting":false,"audioPlay":false,"sceneViewState":{"showFog":true,"showMaterialUpdate":true,"showSkybox":true,"showFlares":true,"showImageEffects":true,"showParticleSystems":true},"in2DMode":false,"pivot":{"x":386.6984558105469,"y":339.6068115234375,"z":-22.296295166015626},"rotation":{"x":0.027315592393279077,"y":-0.0026277145370841028,"z":0.00026795631856657565,"w":0.9999314546585083},"size":468.0075988769531,"orthographic":false}