{"cameraMode":{"drawMode":0,"name":"Shaded","section":"Shading Mode"},"sceneLighting":false,"audioPlay":false,"sceneViewState":{"showFog":true,"showMaterialUpdate":true,"showSkybox":true,"showFlares":true,"showImageEffects":true,"showParticleSystems":true},"in2DMode":false,"pivot":{"x":-1.1961212158203126,"y":1.104559302330017,"z":17.37277603149414},"rotation":{"x":0.002575177000835538,"y":-0.9959354996681213,"z":0.08718486875295639,"w":0.03171302378177643},"size":46.467506408691409,"orthographic":false}