{"cameraMode":{"drawMode":0,"name":"Shaded","section":"Shading Mode"},"sceneLighting":false,"audioPlay":false,"sceneViewState":{"showFog":true,"showMaterialUpdate":true,"showSkybox":true,"showFlares":true,"showImageEffects":true,"showParticleSystems":true},"in2DMode":false,"pivot":{"x":8.816608428955079,"y":-10.506294250488282,"z":-0.12776947021484376},"rotation":{"x":-0.11140629649162293,"y":0.8874000310897827,"z":-0.290936678647995,"w":-0.3398064970970154},"size":101.6424789428711,"orthographic":false}