{"cameraMode":{"drawMode":0,"name":"Shaded","section":"Shading Mode"},"sceneLighting":false,"audioPlay":false,"sceneViewState":{"showFog":true,"showMaterialUpdate":true,"showSkybox":true,"showFlares":true,"showImageEffects":true,"showParticleSystems":true},"in2DMode":false,"pivot":{"x":-0.6456537246704102,"y":2.19718074798584,"z":33.14326477050781},"rotation":{"x":0.03126583993434906,"y":-0.9683957099914551,"z":0.1615690439939499,"w":0.18767885863780976},"size":26.08713722229004,"orthographic":false}