{"cameraMode":{"drawMode":0,"name":"Shaded","section":"Shading Mode"},"sceneLighting":false,"audioPlay":false,"sceneViewState":{"showFog":true,"showMaterialUpdate":true,"showSkybox":false,"showFlares":true,"showImageEffects":true,"showParticleSystems":true},"in2DMode":false,"pivot":{"x":0.9242185950279236,"y":1.2999999523162842,"z":34.69605255126953},"rotation":{"x":0.19141757488250733,"y":-0.7699689865112305,"z":0.27058637142181399,"w":0.5453947186470032},"size":4.739264488220215,"orthographic":false}