{"cameraMode":{"drawMode":0,"name":"Shaded","section":"Shading Mode"},"sceneLighting":false,"audioPlay":false,"sceneViewState":{"showFog":true,"showMaterialUpdate":true,"showSkybox":false,"showFlares":true,"showImageEffects":true,"showParticleSystems":true},"in2DMode":false,"pivot":{"x":4.901564598083496,"y":2.430000066757202,"z":29.42856216430664},"rotation":{"x":-0.055293381214141849,"y":0.9442195892333984,"z":-0.2149789184331894,"w":-0.24377134442329408},"size":2.8578836917877199,"orthographic":false}