{"cameraMode":{"drawMode":0,"name":"Shaded","section":"Shading Mode"},"sceneLighting":false,"audioPlay":false,"sceneViewState":{"showFog":true,"showMaterialUpdate":true,"showSkybox":false,"showFlares":true,"showImageEffects":true,"showParticleSystems":true},"in2DMode":false,"pivot":{"x":0.567412257194519,"y":2.0999999046325685,"z":13.777724266052246},"rotation":{"x":0.11706381291151047,"y":0.007117855828255415,"z":-0.0012753872433677316,"w":0.9933291673660278},"size":6.634969234466553,"orthographic":false}