{"cameraMode":{"drawMode":0,"name":"Shaded","section":"Shading Mode"},"sceneLighting":false,"audioPlay":false,"sceneViewState":{"showFog":true,"showMaterialUpdate":true,"showSkybox":true,"showFlares":true,"showImageEffects":true,"showParticleSystems":true},"in2DMode":false,"pivot":{"x":217.39523315429688,"y":153.50314331054688,"z":-20.615966796875},"rotation":{"x":-0.030314048752188684,"y":0.0026997264940291645,"z":0.00005016280192648992,"w":-0.9997545480728149},"size":596.5717163085938,"orthographic":false}