{"cameraMode":{"drawMode":0,"name":"Shaded","section":"Shading Mode"},"sceneLighting":false,"audioPlay":false,"sceneViewState":{"showFog":true,"showMaterialUpdate":true,"showSkybox":false,"showFlares":true,"showImageEffects":true,"showParticleSystems":true},"in2DMode":false,"pivot":{"x":-0.09801691770553589,"y":1.2000000476837159,"z":11.010451316833496},"rotation":{"x":0.013130919076502324,"y":-0.9640847444534302,"z":0.260924756526947,"w":0.048663876950740817},"size":4.455000400543213,"orthographic":false}