{"cameraMode":{"drawMode":0,"name":"Shaded","section":"Shading Mode"},"sceneLighting":false,"audioPlay":false,"sceneViewState":{"showFog":true,"showMaterialUpdate":true,"showSkybox":false,"showFlares":true,"showImageEffects":true,"showParticleSystems":true},"in2DMode":false,"pivot":{"x":6.621332168579102,"y":0.27972412109375,"z":18.66431427001953},"rotation":{"x":0.30460789799690249,"y":-0.397426575422287,"z":0.14120014011859895,"w":0.8542763590812683},"size":20.76536750793457,"orthographic":false}