{"cameraMode":{"drawMode":0,"name":"Shaded","section":"Shading Mode"},"sceneLighting":false,"audioPlay":false,"sceneViewState":{"showFog":true,"showMaterialUpdate":true,"showSkybox":false,"showFlares":true,"showImageEffects":true,"showParticleSystems":true},"in2DMode":false,"pivot":{"x":0.4468806982040405,"y":2.0,"z":11.197579383850098},"rotation":{"x":0.053950224071741107,"y":-0.945956826210022,"z":0.22583508491516114,"w":0.2267560213804245},"size":8.083316802978516,"orthographic":false}