{"cameraMode":{"drawMode":0,"name":"Shaded","section":"Shading Mode"},"sceneLighting":false,"audioPlay":false,"sceneViewState":{"showFog":true,"showMaterialUpdate":true,"showSkybox":false,"showFlares":true,"showImageEffects":true,"showParticleSystems":true},"in2DMode":false,"pivot":{"x":0.8682931661605835,"y":1.024999976158142,"z":4.7807841300964359},"rotation":{"x":0.004292679484933615,"y":-0.9951980113983154,"z":0.08560307323932648,"w":0.0490267388522625},"size":18.692258834838868,"orthographic":false}