{"cameraMode":{"drawMode":0,"name":"Shaded","section":"Shading Mode"},"sceneLighting":false,"audioPlay":false,"sceneViewState":{"showFog":true,"showMaterialUpdate":true,"showSkybox":true,"showFlares":true,"showImageEffects":true,"showParticleSystems":true},"in2DMode":false,"pivot":{"x":0.04453325271606445,"y":1.4165639877319337,"z":33.82261276245117},"rotation":{"x":0.010943489149212838,"y":-0.968377947807312,"z":0.2465481013059616,"w":0.04210636764764786},"size":8.648750305175782,"orthographic":false}