{"cameraMode":{"drawMode":0,"name":"Shaded","section":"Shading Mode"},"sceneLighting":false,"audioPlay":false,"sceneViewState":{"showFog":true,"showMaterialUpdate":true,"showSkybox":false,"showFlares":true,"showImageEffects":true,"showParticleSystems":true},"in2DMode":false,"pivot":{"x":-1.497685432434082,"y":2.6867804527282717,"z":-0.048305511474609378},"rotation":{"x":-0.011689192615449429,"y":0.004853115417063236,"z":0.0006394481169991195,"w":1.0002225637435914},"size":57.94035720825195,"orthographic":false}