{"cameraMode":{"drawMode":0,"name":"Shaded","section":"Shading Mode"},"sceneLighting":false,"audioPlay":false,"sceneViewState":{"showFog":true,"showMaterialUpdate":true,"showSkybox":true,"showFlares":true,"showImageEffects":true,"showParticleSystems":true},"in2DMode":false,"pivot":{"x":172.69146728515626,"y":352.8787536621094,"z":-544.72900390625},"rotation":{"x":-0.09764792025089264,"y":-0.03170665726065636,"z":0.0024135159328579904,"w":-0.9949164986610413},"size":1.5066521167755128,"orthographic":false}